[
  {
    "value": "ce",
    "synonyms": [
      "ce",
      "comp engg",
      "computer engg",
      "computer engineering",
      "computer engineer",
      "comp engineer",
      "comp enginerring",
      "comp",
      "comp dept",
      "comp department",
      "computer department",
      "ce dept",
      "ce department",
      "ce engg dept"
    ]
  },
  {
    "value": "it",
    "synonyms": [
      "it",
      "information technology",
      "it dept",
      "information technology department",
      "information technology dept",
      "it department"
    ]
  },
  {
    "value": "civil",
    "synonyms": [
      "civil",
      "civil engg",
      "civil engineer",
      "civil engineering",
      "civil dept",
      "civil engg dept",
      "civil department",
      "cv"
    ]
  },
  {
    "value": "mech",
    "synonyms": [
      "mech",
      "mechanical",
      "mech engg",
      "mech engineer",
      "mech engineering",
      "mechanical engg",
      "mech dept",
      "mech department",
      "mechanical dept",
      "mechanical department",
      "mech engg dept",
      "mechanical engg dept"
    ]
  }
]