[
  {
    "value": "engg",
    "synonyms": [
      "engg",
      "engineering",
      "engineer dept"
    ]
  },
  {
    "value": "physio",
    "synonyms": [
      "physio",
      "physiotherapy",
      "physiotherapy dept",
      "physio dept"
    ]
  },
  {
    "value": "diploma",
    "synonyms": [
      "diploma",
      "diploma dept"
    ]
  },
  {
    "value": "management",
    "synonyms": [
      "management",
      "management dept"
    ]
  },
  {
    "value": "science",
    "synonyms": [
      "science",
      "science dept"
    ]
  }
]