[
  {
    "id": "a3174026-6560-4417-91a6-ec3fb2f4b9a5",
    "data": [
      {
        "text": "attendance for ",
        "userDefined": false
      },
      {
        "text": "java",
        "alias": "subjects",
        "meta": "@subjects",
        "userDefined": false
      },
      {
        "text": " and ",
        "userDefined": false
      },
      {
        "text": "python",
        "alias": "subjects1",
        "meta": "@subjects",
        "userDefined": false
      }
    ],
    "isTemplate": false,
    "count": 0,
    "updated": 0
  },
  {
    "id": "726ec6dd-f1d4-4de4-b6f6-b461459bb8fa",
    "data": [
      {
        "text": "attendance for ",
        "userDefined": false
      },
      {
        "text": "java",
        "alias": "subjects",
        "meta": "@subjects",
        "userDefined": true
      }
    ],
    "isTemplate": false,
    "count": 0,
    "updated": 0
  },
  {
    "id": "13cf99d8-bcbf-4e78-b8f2-91d8a0b8cb98",
    "data": [
      {
        "text": "give attendance of ",
        "userDefined": false
      },
      {
        "text": "python",
        "alias": "subjects",
        "meta": "@subjects",
        "userDefined": true
      }
    ],
    "isTemplate": false,
    "count": 0,
    "updated": 0
  },
  {
    "id": "26ef3a70-0cf4-483a-b8f1-8b9b7ec973bd",
    "data": [
      {
        "text": "how much is my attendance?",
        "userDefined": false
      }
    ],
    "isTemplate": false,
    "count": 0,
    "updated": 0
  },
  {
    "id": "f838367e-72c9-44a5-9763-7dde1862f4a9",
    "data": [
      {
        "text": "please give me my attendance details!",
        "userDefined": false
      }
    ],
    "isTemplate": false,
    "count": 0,
    "updated": 0
  },
  {
    "id": "ce42b771-dafd-43d1-8d01-4ace22ad2fa6",
    "data": [
      {
        "text": "what is my attendance?",
        "userDefined": false
      }
    ],
    "isTemplate": false,
    "count": 0,
    "updated": 0
  },
  {
    "id": "a9cc3c40-b57a-467c-b311-70282910ceab",
    "data": [
      {
        "text": "show me my attendance",
        "userDefined": false
      }
    ],
    "isTemplate": false,
    "count": 0,
    "updated": 0
  },
  {
    "id": "944a2cd2-de2a-4ca3-b6c2-50ddfae3b05f",
    "data": [
      {
        "text": "attendance",
        "userDefined": false
      }
    ],
    "isTemplate": false,
    "count": 0,
    "updated": 0
  }
]