[
  {
    "id": "5c47f3f1-8fc7-4d1b-bba6-fe573607adc2",
    "data": [
      {
        "text": "total dept in ",
        "userDefined": false
      },
      {
        "text": "physiotherapy",
        "meta": "@sys.ignore",
        "userDefined": true
      }
    ],
    "isTemplate": false,
    "count": 0,
    "updated": 0
  },
  {
    "id": "c35b2d2c-e50c-4975-bbb1-49c29b9c3d8d",
    "data": [
      {
        "text": "tell me the total departments in ",
        "userDefined": false
      },
      {
        "text": "physio",
        "meta": "@sys.ignore",
        "userDefined": true
      }
    ],
    "isTemplate": false,
    "count": 0,
    "updated": 0
  },
  {
    "id": "e0c568aa-2d24-43c7-8b61-935e971d44f2",
    "data": [
      {
        "text": "total number of depts in ",
        "userDefined": false
      },
      {
        "text": "pharmacy",
        "meta": "@sys.ignore",
        "userDefined": true
      }
    ],
    "isTemplate": false,
    "count": 0,
    "updated": 0
  },
  {
    "id": "22de5698-77eb-41ed-b8e8-fe6c27da2236",
    "data": [
      {
        "text": "departments in ",
        "userDefined": false
      },
      {
        "text": "science",
        "meta": "@sys.ignore",
        "userDefined": true
      }
    ],
    "isTemplate": false,
    "count": 0,
    "updated": 0
  },
  {
    "id": "8ee04225-fe39-4bd7-937b-4dc67ffbe991",
    "data": [
      {
        "text": "number of departments in ",
        "userDefined": false
      },
      {
        "text": "diploma",
        "meta": "@sys.ignore",
        "userDefined": true
      }
    ],
    "isTemplate": false,
    "count": 0,
    "updated": 0
  },
  {
    "id": "ec4d2df9-056f-4720-8f4f-bf092f757c45",
    "data": [
      {
        "text": "how many departments are in ",
        "userDefined": false
      },
      {
        "text": "engineering",
        "meta": "@sys.ignore",
        "userDefined": true
      }
    ],
    "isTemplate": false,
    "count": 0,
    "updated": 0
  }
]